{"cameraMode":{"drawMode":0,"name":"Shaded","section":"Shading Mode"},"sceneLighting":false,"audioPlay":false,"sceneViewState":{"showFog":true,"showMaterialUpdate":false,"showSkybox":false,"showFlares":true,"showImageEffects":true,"showParticleSystems":true},"in2DMode":false,"pivot":{"x":5.960464477539063e-7,"y":0.9401887655258179,"z":-0.0000706017017364502},"rotation":{"x":0.34362098574638369,"y":-0.5935491919517517,"z":0.30968618392944338,"w":0.6585919260978699},"size":4.10598611831665,"orthographic":false}